<?xml version="1.0" encoding="UTF-8" ?>
<Data><Series>
  <id>267208</id>
  <Actors>|Christian Ulmen|</Actors>
  <Airs_DayOfWeek>Thursday</Airs_DayOfWeek>
  <Airs_Time>23:10</Airs_Time>
  <ContentRating></ContentRating>
  <FirstAired>2013-02-14</FirstAired>
  <Genre>|Comedy|</Genre>
  <IMDB_ID></IMDB_ID>
  <Language>en</Language>
  <Network>Tele 5</Network>
  <NetworkID></NetworkID>
  <Overview></Overview>
  <Rating></Rating>
  <RatingCount>0</RatingCount>
  <Runtime>30</Runtime>
  <SeriesID></SeriesID>
  <SeriesName>Who want's to fuck my girlfriend?</SeriesName>
  <Status>Continuing</Status>
  <added>2013-02-24 08:04:26</added>
  <addedBy>342594</addedBy>
  <banner>graphical/267208-g.jpg</banner>
  <fanart></fanart>
  <lastupdated>1362128020</lastupdated>
  <poster></poster>
  <zap2it_id></zap2it_id>
</Series>
<Episode>
  <id>4508634</id>
  <Combined_episodenumber>1</Combined_episodenumber>
  <Combined_season>1</Combined_season>
  <DVD_chapter></DVD_chapter>
  <DVD_discid></DVD_discid>
  <DVD_episodenumber></DVD_episodenumber>
  <DVD_season></DVD_season>
  <Director></Director>
  <EpImgFlag></EpImgFlag>
  <EpisodeName>Who want's to fuck my lesbian girlfriend?</EpisodeName>
  <EpisodeNumber>1</EpisodeNumber>
  <FirstAired>2013-02-14</FirstAired>
  <GuestStars></GuestStars>
  <IMDB_ID></IMDB_ID>
  <Language>en</Language>
  <Overview></Overview>
  <ProductionCode></ProductionCode>
  <Rating></Rating>
  <RatingCount>0</RatingCount>
  <SeasonNumber>1</SeasonNumber>
  <Writer></Writer>
  <absolute_number></absolute_number>
  <filename></filename>
  <lastupdated>1361722013</lastupdated>
  <seasonid>513476</seasonid>
  <seriesid>267208</seriesid>
</Episode>
<Episode>
  <id>4508635</id>
  <Combined_episodenumber>2</Combined_episodenumber>
  <Combined_season>1</Combined_season>
  <DVD_chapter></DVD_chapter>
  <DVD_discid></DVD_discid>
  <DVD_episodenumber></DVD_episodenumber>
  <DVD_season></DVD_season>
  <Director></Director>
  <EpImgFlag></EpImgFlag>
  <EpisodeName>Who want's to fuck my girlfriend?</EpisodeName>
  <EpisodeNumber>2</EpisodeNumber>
  <FirstAired>2013-02-21</FirstAired>
  <GuestStars></GuestStars>
  <IMDB_ID></IMDB_ID>
  <Language>en</Language>
  <Overview></Overview>
  <ProductionCode></ProductionCode>
  <Rating></Rating>
  <RatingCount>0</RatingCount>
  <SeasonNumber>1</SeasonNumber>
  <Writer></Writer>
  <absolute_number></absolute_number>
  <filename></filename>
  <lastupdated>1361722030</lastupdated>
  <seasonid>513476</seasonid>
  <seriesid>267208</seriesid>
</Episode>
<Episode>
  <id>4508636</id>
  <Combined_episodenumber>3</Combined_episodenumber>
  <Combined_season>1</Combined_season>
  <DVD_chapter></DVD_chapter>
  <DVD_discid></DVD_discid>
  <DVD_episodenumber></DVD_episodenumber>
  <DVD_season></DVD_season>
  <Director></Director>
  <EpImgFlag></EpImgFlag>
  <EpisodeName>Who want's to fuck my girlfriend?</EpisodeName>
  <EpisodeNumber>3</EpisodeNumber>
  <FirstAired>2013-02-28</FirstAired>
  <GuestStars></GuestStars>
  <IMDB_ID></IMDB_ID>
  <Language>en</Language>
  <Overview></Overview>
  <ProductionCode></ProductionCode>
  <Rating></Rating>
  <RatingCount>0</RatingCount>
  <SeasonNumber>1</SeasonNumber>
  <Writer></Writer>
  <absolute_number></absolute_number>
  <filename></filename>
  <lastupdated>1361722043</lastupdated>
  <seasonid>513476</seasonid>
  <seriesid>267208</seriesid>
</Episode>
</Data>