<?xml version="1.0" encoding="UTF-8" ?>
<Banners>
<Banner>
  <id>946407</id>
  <BannerPath>fanart/original/267332-1.jpg</BannerPath>
  <BannerType>fanart</BannerType>
  <BannerType2>1280x720</BannerType2>
  <Colors></Colors>
  <Language>de</Language>
  <Rating>10.0000</Rating>
  <RatingCount>1</RatingCount>
  <SeriesName>false</SeriesName>
  <ThumbnailPath>_cache/fanart/original/267332-1.jpg</ThumbnailPath>
  <VignettePath>fanart/vignette/267332-1.jpg</VignettePath>
</Banner>
<Banner>
  <id>946410</id>
  <BannerPath>posters/267332-1.jpg</BannerPath>
  <BannerType>poster</BannerType>
  <BannerType2>680x1000</BannerType2>
  <Language>en</Language>
  <Rating></Rating>
  <RatingCount>0</RatingCount>
</Banner>
<Banner>
  <id>946412</id>
  <BannerPath>posters/267332-2.jpg</BannerPath>
  <BannerType>poster</BannerType>
  <BannerType2>680x1000</BannerType2>
  <Language>en</Language>
  <Rating></Rating>
  <RatingCount>0</RatingCount>
</Banner>
<Banner>
  <id>946408</id>
  <BannerPath>text/267332.jpg</BannerPath>
  <BannerType>series</BannerType>
  <BannerType2>text</BannerType2>
  <Language>de</Language>
  <Rating></Rating>
  <RatingCount>0</RatingCount>
</Banner>
</Banners>