<?xml version="1.0" encoding="UTF-8" ?>
<Data><Series>
  <id>267332</id>
  <Actors>||</Actors>
  <Airs_DayOfWeek>Monday</Airs_DayOfWeek>
  <Airs_Time>20:15</Airs_Time>
  <ContentRating>TV-PG</ContentRating>
  <FirstAired>2013-02-25</FirstAired>
  <Genre>|Crime|Drama|Thriller|</Genre>
  <IMDB_ID></IMDB_ID>
  <Language>en</Language>
  <Network>ZDF</Network>
  <NetworkID></NetworkID>
  <Overview></Overview>
  <Rating></Rating>
  <RatingCount>0</RatingCount>
  <Runtime>90</Runtime>
  <SeriesID></SeriesID>
  <SeriesName></SeriesName>
  <Status>Continuing</Status>
  <added>2013-02-28 16:10:28</added>
  <addedBy>344</addedBy>
  <banner>text/267332.jpg</banner>
  <fanart>fanart/original/267332-1.jpg</fanart>
  <lastupdated>1362098821</lastupdated>
  <poster>posters/267332-1.jpg</poster>
  <zap2it_id></zap2it_id>
</Series>
<Episode>
  <id>4513505</id>
  <Combined_episodenumber>1</Combined_episodenumber>
  <Combined_season>1</Combined_season>
  <DVD_chapter></DVD_chapter>
  <DVD_discid></DVD_discid>
  <DVD_episodenumber></DVD_episodenumber>
  <DVD_season></DVD_season>
  <Director>Manfred Stelzer</Director>
  <EpImgFlag>2</EpImgFlag>
  <EpisodeName></EpisodeName>
  <EpisodeNumber>1</EpisodeNumber>
  <FirstAired>2013-02-25</FirstAired>
  <GuestStars></GuestStars>
  <IMDB_ID></IMDB_ID>
  <Language>en</Language>
  <Overview></Overview>
  <ProductionCode></ProductionCode>
  <Rating></Rating>
  <RatingCount>0</RatingCount>
  <SeasonNumber>1</SeasonNumber>
  <Writer>Henriette Pieper</Writer>
  <absolute_number></absolute_number>
  <filename>episodes/267332/4513505.jpg</filename>
  <lastupdated>1362098821</lastupdated>
  <seasonid>513785</seasonid>
  <seriesid>267332</seriesid>
</Episode>
</Data>